TOT_REG_CD,ADM_NM,net_node,ca,tca0_opp,tca0_pct,reached_50pct,len_to_50pct_m,steps_to_50pct,max_pct_reached,total_steps_run,elapsed_s
1104052010012,왕십리2동,26223,64,0,0.0,True,8278.7,234.0,50.0,234,7.11
1104052010001,왕십리2동,25959,49,2,4.1,True,4598.7,129.0,51.0,129,1.73
1104052010003,왕십리2동,61281,71,0,0.0,True,10715.0,318.0,50.7,318,15.11
1104052010002,왕십리2동,26180,46,1,2.2,True,6146.4,146.0,52.2,146,1.48
1104052010005,왕십리2동,26206,55,1,1.8,True,6599.0,157.0,52.7,157,2.34
1104052010004,왕십리2동,26290,55,1,1.8,True,3393.0,92.0,50.9,92,2.07
1104052010007,왕십리2동,26135,43,0,0.0,True,4450.5,130.0,51.2,130,1.35
1104052010006,왕십리2동,186938,77,0,0.0,True,12166.5,336.0,50.6,336,16.23
1104052010009,왕십리2동,186986,83,0,0.0,True,6707.7,195.0,50.6,195,7.7
1104052010008,왕십리2동,186978,73,0,0.0,True,6447.9,188.0,50.7,188,6.58
1104052010010,왕십리2동,186967,71,0,0.0,True,8405.1,262.0,52.1,262,12.42
1104052010011,왕십리2동,25967,71,0,0.0,True,11560.8,297.0,50.7,297,13.04
1104052010101,왕십리2동,60294,80,26,32.5,True,150.2,3.0,50.0,3,0.51
1104052010103,왕십리2동,60287,83,26,31.3,True,871.1,19.0,50.6,19,0.86
1104052010102,왕십리2동,60281,80,0,0.0,True,630.3,17.0,50.0,17,0.62
1104052010203,왕십리2동,60277,44,0,0.0,True,221.0,4.0,54.5,4,0.47
1104052010202,왕십리2동,154140,51,0,0.0,True,529.2,12.0,51.0,12,0.68
1104052010205,왕십리2동,154091,59,0,0.0,True,2333.5,63.0,50.8,63,1.06
1104052010204,왕십리2동,26426,76,24,31.6,True,189.7,4.0,50.0,4,0.51
1104052010201,왕십리2동,60407,41,0,0.0,True,187.7,3.0,56.1,3,0.48
1104052010401,왕십리2동,26240,35,2,5.7,True,2406.0,66.0,51.4,66,0.88
1104052010403,왕십리2동,60512,57,2,3.5,True,4026.9,106.0,52.6,106,1.41
1104052010402,왕십리2동,26230,47,2,4.3,True,5313.2,142.0,53.2,142,1.97
1104052010501,왕십리2동,26266,49,0,0.0,True,3864.2,112.0,51.0,112,3.29
1104052010502,왕십리2동,26268,60,0,0.0,True,5547.1,162.0,50.0,162,6.0
1104052010801,왕십리2동,26157,48,0,0.0,True,6103.5,144.0,50.0,144,1.76
1104052010901,왕십리2동,26139,46,2,4.3,True,5000.1,139.0,54.3,139,1.32
1104052010903,왕십리2동,26137,43,2,4.7,True,5180.3,144.0,51.2,144,1.49
1104052010902,왕십리2동,26159,48,2,4.2,True,4562.7,128.0,50.0,128,0.89
1104052011101,왕십리2동,49708,70,0,0.0,True,3065.8,82.0,50.0,82,1.94
1104054010001,마장동,55198,58,0,0.0,True,11990.5,346.0,50.0,346,14.36
1104054010003,마장동,101862,40,0,0.0,True,14100.8,288.0,50.0,288,6.95
1104054010002,마장동,186260,43,0,0.0,True,6458.5,172.0,51.2,172,2.68
1104054010004,마장동,186278,46,0,0.0,True,11453.8,174.0,54.3,174,2.03
1104054010103,마장동,186643,42,0,0.0,True,4903.0,130.0,50.0,130,1.7
1104054010102,마장동,186631,35,0,0.0,True,3692.5,99.0,51.4,99,0.93
1104054010101,마장동,186646,55,0,0.0,True,7255.6,201.0,50.9,201,5.62
1104054010301,마장동,55206,46,0,0.0,True,5162.0,140.0,50.0,140,2.2
1104054010302,마장동,186480,38,0,0.0,True,4812.7,134.0,50.0,134,2.02
1104054010601,마장동,186277,42,0,0.0,True,14933.1,261.0,54.8,261,3.23
1104054010602,마장동,55371,46,0,0.0,True,13775.6,286.0,50.0,286,4.58
1104054010701,마장동,186247,27,0,0.0,True,9143.0,172.0,51.9,172,1.68
1104054010703,마장동,55795,29,0,0.0,True,12631.2,215.0,51.7,215,2.09
1104054010702,마장동,186239,37,0,0.0,True,9963.0,210.0,51.4,210,2.54
1104054010705,마장동,186231,42,0,0.0,True,14746.2,244.0,50.0,244,4.92
1104054010704,마장동,186271,40,0,0.0,True,13825.5,212.0,50.0,212,2.67
1104054010707,마장동,186245,33,0,0.0,True,8434.0,172.0,51.5,172,1.61
1104054010706,마장동,186230,39,0,0.0,True,13149.7,206.0,51.3,206,3.1
1104054020008,마장동,186085,42,5,11.9,True,18031.0,398.0,50.0,398,12.75
1104054020009,마장동,63614,61,1,1.6,True,13712.3,420.0,50.8,420,23.82
1104054020010,마장동,174664,41,4,9.8,True,17632.7,327.0,51.2,327,9.66
1104054020006,마장동,63617,0,0,0.0,False,,,0.0,0,0.0
1104054020007,마장동,186104,53,3,5.7,True,25888.7,592.0,50.9,592,27.42
1104054020004,마장동,55356,40,4,10.0,True,20855.0,397.0,50.0,397,15.47
1104054020005,마장동,185999,48,5,10.4,True,18690.1,374.0,50.0,374,15.68
1104054020002,마장동,186034,41,0,0.0,True,9255.7,307.0,51.2,307,15.36
1104054020003,마장동,186170,50,5,10.0,True,20938.1,451.0,50.0,451,16.87
1104054020001,마장동,186145,55,0,0.0,True,21632.2,548.0,50.9,548,29.96
1104054030001,마장동,55308,62,0,0.0,True,7704.4,222.0,50.0,222,3.2
1104054030006,마장동,186681,53,0,0.0,True,13524.0,310.0,50.9,310,5.07
1104054030005,마장동,186736,53,0,0.0,True,14823.8,321.0,50.9,321,5.39
1104054030004,마장동,186320,53,0,0.0,True,17632.1,290.0,56.6,290,6.88
1104054030003,마장동,55268,47,0,0.0,True,13687.1,307.0,51.1,307,3.96
1104054030002,마장동,187157,32,0,0.0,True,4258.4,132.0,50.0,132,1.03
1104054030104,마장동,186733,24,0,0.0,True,7161.7,137.0,50.0,137,0.98
1104054030103,마장동,186832,25,0,0.0,True,7168.0,138.0,52.0,138,1.03
1104054030102,마장동,186730,40,0,0.0,True,11150.8,237.0,50.0,237,2.65
1104054030101,마장동,186739,40,0,0.0,True,11150.8,237.0,50.0,237,2.55
1104054040001,마장동,186529,53,0,0.0,True,4741.6,129.0,50.9,129,1.98
1104054040002,마장동,187106,58,0,0.0,True,6220.9,169.0,50.0,169,2.09
1104054040003,마장동,186654,61,0,0.0,True,7615.0,211.0,50.8,211,3.63
1104054040201,마장동,186543,45,0,0.0,True,4528.3,123.0,51.1,123,2.07
1104054040301,마장동,187130,65,0,0.0,True,7011.9,216.0,50.8,216,2.79
1104054040302,마장동,187103,62,0,0.0,True,6793.3,192.0,50.0,192,2.04
1104054040501,마장동,186652,51,0,0.0,True,6308.5,172.0,52.9,172,2.54
1104054040502,마장동,186651,46,0,0.0,True,4293.8,124.0,50.0,124,1.68
1104055010004,사근동,187307,72,0,0.0,True,6466.7,169.0,50.0,169,2.86
1104055010001,사근동,187732,73,0,0.0,True,6262.2,169.0,50.7,169,3.31
1104055010003,사근동,102576,74,0,0.0,True,6962.2,188.0,50.0,188,3.37
1104055010002,사근동,187143,66,0,0.0,True,5810.1,166.0,50.0,166,1.81
1104055010005,사근동,187123,67,0,0.0,True,6686.1,174.0,50.7,174,2.17
1104055020009,사근동,140210,37,0,0.0,True,14067.0,276.0,51.4,276,2.64
1104055020010,사근동,187278,38,0,0.0,True,6994.9,232.0,50.0,232,1.87
1104055020011,사근동,187830,25,0,0.0,True,7995.8,176.0,52.0,176,0.92
1104055020012,사근동,187304,50,0,0.0,True,3992.7,133.0,50.0,133,1.56
1104055020013,사근동,97669,28,1,3.6,True,1563.5,26.0,50.0,26,0.47
1104055020006,사근동,145701,48,8,16.7,True,2298.2,64.0,50.0,64,0.88
1104055020007,사근동,55238,35,0,0.0,True,19939.2,392.0,51.4,392,3.23
1104055020004,사근동,187227,37,0,0.0,True,11959.6,297.0,54.1,297,3.18
1104055020005,사근동,187283,30,2,6.7,True,15748.4,333.0,60.0,333,2.32
1104055020002,사근동,187853,16,1,6.2,True,1839.6,34.0,50.0,34,0.49
1104055020003,사근동,186818,34,0,0.0,True,11707.6,206.0,50.0,206,1.95
1104055020001,사근동,186820,40,0,0.0,True,13181.3,257.0,50.0,257,2.36
1104055020014,사근동,187797,28,0,0.0,True,14721.7,293.0,60.7,293,1.68
1104055020008,사근동,187228,27,0,0.0,True,10787.6,262.0,59.3,262,1.53
1104055020201,사근동,55061,24,2,8.3,True,6718.3,123.0,50.0,123,0.81
1104055020301,사근동,187339,33,0,0.0,True,15416.9,254.0,51.5,254,2.23
1104055030002,사근동,190866,19,0,0.0,True,4949.9,66.0,52.6,66,0.57
1104055030001,사근동,97823,65,1,1.5,True,7777.2,128.0,50.8,128,1.52
1104055030103,사근동,97819,62,0,0.0,True,4168.7,85.0,50.0,85,0.74
1104055030102,사근동,97600,33,0,0.0,True,3183.4,60.0,51.5,60,0.49
1104055030101,사근동,187773,84,0,0.0,True,7496.9,178.0,50.0,178,3.74
1104056010001,행당1동,187080,75,0,0.0,True,8254.6,232.0,50.7,232,12.44
1104056010101,행당1동,187599,77,1,1.3,True,3276.1,92.0,50.6,92,2.04
1104056010103,행당1동,187309,70,1,1.4,True,3166.8,89.0,50.0,89,2.07
1104056010102,행당1동,187680,84,1,1.2,True,2966.5,84.0,50.0,84,1.94
1104056010201,행당1동,186512,62,4,6.5,True,7883.0,219.0,50.0,219,6.29
1104056010202,행당1동,186564,65,4,6.2,True,9409.2,271.0,50.8,271,11.12
1104056020006,행당1동,187528,87,0,0.0,True,1082.3,40.0,50.6,40,1.08
1104056020004,행당1동,187518,72,0,0.0,True,2345.5,66.0,50.0,66,3.31
1104056020005,행당1동,187022,87,0,0.0,True,3760.4,104.0,50.6,104,6.1
1104056020002,행당1동,187539,83,1,1.2,True,5666.8,160.0,53.0,160,9.52
1104056020003,행당1동,64085,77,0,0.0,True,7321.9,215.0,50.6,215,11.04
1104056020001,행당1동,55790,76,0,0.0,True,7723.8,228.0,50.0,228,12.52
1104056030007,행당1동,187625,87,16,18.4,True,6615.6,189.0,50.6,189,3.19
1104056030006,행당1동,187666,89,16,18.0,True,5360.4,153.0,52.8,153,2.29
1104056030005,행당1동,187627,89,16,18.0,True,6918.4,197.0,50.6,197,3.02
1104056030004,행당1동,97545,73,0,0.0,True,3016.3,87.0,50.7,87,1.04
1104056030003,행당1동,187611,89,16,18.0,True,6353.8,178.0,50.6,178,2.69
1104056030002,행당1동,187699,88,16,18.2,True,5418.2,165.0,50.0,165,5.74
1104056030001,행당1동,188487,78,0,0.0,True,5211.7,154.0,51.3,154,2.44
1104056030108,행당1동,188511,73,3,4.1,True,2729.4,66.0,57.5,66,1.14
1104056030107,행당1동,188726,59,0,0.0,True,1815.6,51.0,50.8,51,1.03
1104056030106,행당1동,188484,78,0,0.0,True,4272.0,107.0,50.0,107,1.74
1104056030105,행당1동,188522,82,3,3.7,True,2273.8,56.0,50.0,56,1.21
1104056030104,행당1동,188481,86,3,3.5,True,4645.1,118.0,50.0,118,2.03
1104056030103,행당1동,188478,85,3,3.5,True,5380.1,143.0,50.6,143,3.57
1104056030102,행당1동,188517,54,3,5.6,True,2603.6,71.0,50.0,71,1.43
1104056030101,행당1동,74454,62,3,4.8,True,2414.8,72.0,50.0,72,1.2
1104057010001,행당2동,61294,84,26,31.0,True,3082.2,80.0,54.8,80,3.22
1104057010003,행당2동,61151,64,0,0.0,True,6687.9,192.0,50.0,192,6.49
1104057010002,행당2동,26357,81,0,0.0,True,6898.5,190.0,54.3,190,8.03
1104057010115,행당2동,55137,77,30,39.0,True,189.7,4.0,54.5,4,0.64
1104057010114,행당2동,26511,73,27,37.0,True,150.2,3.0,50.7,3,0.49
1104057010117,행당2동,26466,72,34,47.2,True,53.3,2.0,50.0,2,0.64
1104057010116,행당2동,26510,77,30,39.0,True,189.7,4.0,54.5,4,0.5
1104057010101,행당2동,26372,66,34,51.5,True,0.0,0.0,51.5,0,0.46
1104057010103,행당2동,26535,78,33,42.3,True,189.7,4.0,55.1,4,0.5
1104057010102,행당2동,26492,91,39,42.9,True,2349.0,59.0,58.2,59,2.17
1104057010105,행당2동,77498,98,45,45.9,True,66.8,3.0,50.0,3,0.51
1104057010104,행당2동,154093,52,25,48.1,True,13.8,1.0,50.0,1,0.61
1104057010107,행당2동,77500,83,43,51.8,True,0.0,0.0,51.8,0,0.45
1104057010106,행당2동,26410,55,0,0.0,True,1104.7,30.0,50.9,30,0.8
1104057010119,행당2동,49720,81,42,51.9,True,0.0,0.0,51.9,0,0.61
1104057010118,행당2동,26468,57,28,49.1,True,39.5,1.0,50.9,1,0.45
1104057010108,행당2동,77501,76,41,53.9,True,0.0,0.0,53.9,0,0.45
1104057010109,행당2동,26496,86,43,50.0,True,0.0,0.0,50.0,0,0.44
1104057010111,행당2동,26490,97,43,44.3,True,2632.7,81.0,50.5,81,2.39
1104057010110,행당2동,77528,99,43,43.4,True,509.2,15.0,50.5,15,0.84
1104057010113,행당2동,26427,58,26,44.8,True,917.2,23.0,53.4,23,0.71
1104057010112,행당2동,26478,82,39,47.6,True,53.3,2.0,50.0,2,0.6
1104057020002,행당2동,187958,75,0,0.0,True,487.9,16.0,57.3,16,0.5
1104057020001,행당2동,187547,78,0,0.0,True,3015.8,89.0,51.3,89,3.21
1104057020104,행당2동,187963,66,16,24.2,True,953.1,17.0,50.0,17,0.59
1104057020102,행당2동,187989,66,16,24.2,True,953.1,17.0,50.0,17,0.58
1104057020103,행당2동,187953,78,0,0.0,True,1581.0,41.0,51.3,41,1.01
1104057020101,행당2동,187891,73,16,21.9,True,1696.6,41.0,50.7,41,1.09
1104057020202,행당2동,187941,77,16,20.8,True,2179.3,50.0,51.9,50,1.18
1104057020203,행당2동,187932,71,0,0.0,True,1108.5,26.0,50.7,26,0.89
1104057020201,행당2동,187936,79,16,20.3,True,2501.3,59.0,51.9,59,1.42
1104057020306,행당2동,187917,46,26,56.5,True,0.0,0.0,56.5,0,0.44
1104057020307,행당2동,26627,104,49,47.1,True,34.0,1.0,52.9,1,0.63
1104057020304,행당2동,26564,78,43,55.1,True,0.0,0.0,55.1,0,0.45
1104057020305,행당2동,154165,77,43,55.8,True,0.0,0.0,55.8,0,0.45
1104057020302,행당2동,26574,72,43,59.7,True,0.0,0.0,59.7,0,0.44
1104057020303,행당2동,187919,39,26,66.7,True,0.0,0.0,66.7,0,0.59
1104057020301,행당2동,187918,35,29,82.9,True,0.0,0.0,82.9,0,0.53
1104057020312,행당2동,26560,75,43,57.3,True,0.0,0.0,57.3,0,0.47
1104057020313,행당2동,26565,69,43,62.3,True,0.0,0.0,62.3,0,0.62
1104057020314,행당2동,213416,106,42,39.6,True,783.8,19.0,53.8,19,0.7
1104057020315,행당2동,26573,57,41,71.9,True,0.0,0.0,71.9,0,0.61
1104057020308,행당2동,26569,77,39,50.6,True,0.0,0.0,50.6,0,0.45
1104057020309,행당2동,26583,69,43,62.3,True,0.0,0.0,62.3,0,0.45
1104057020310,행당2동,26528,76,43,56.6,True,0.0,0.0,56.6,0,0.48
1104057020311,행당2동,26555,100,43,43.0,True,1382.2,34.0,54.0,34,1.12
1104057020403,행당2동,61295,67,0,0.0,True,1107.4,24.0,55.2,24,0.53
1104057020401,행당2동,187922,91,0,0.0,True,2947.8,75.0,50.5,75,2.16
1104057020402,행당2동,61269,83,0,0.0,True,481.1,10.0,62.7,10,0.57
1104058010001,응봉동,97864,12,0,0.0,True,2137.6,35.0,50.0,35,0.45
1104058010106,응봉동,188717,67,3,4.5,True,2608.1,63.0,50.7,63,1.13
1104058010101,응봉동,188724,62,3,4.8,True,1659.1,39.0,50.0,39,0.72
1104058010103,응봉동,74346,59,3,5.1,True,1445.6,44.0,50.8,44,0.73
1104058010102,응봉동,64231,65,3,4.6,True,2748.6,60.0,50.8,60,0.91
1104058010105,응봉동,188743,65,3,4.6,True,2292.1,57.0,50.8,57,1.05
1104058010104,응봉동,74444,57,3,5.3,True,1279.2,30.0,50.9,30,0.63
1104058010107,응봉동,188714,59,3,5.1,True,1810.6,54.0,50.8,54,0.84
1104058010201,응봉동,55746,68,0,0.0,True,1974.5,57.0,50.0,57,0.93
1104058010202,응봉동,74365,60,3,5.0,True,1594.3,34.0,50.0,34,0.67
1104058020004,응봉동,26609,91,33,36.3,True,761.5,22.0,53.8,22,0.75
1104058020005,응봉동,188370,86,14,16.3,True,399.0,8.0,50.0,8,0.49
1104058020002,응봉동,98540,97,37,38.1,True,1702.4,42.0,50.5,42,0.75
1104058020003,응봉동,188342,97,33,34.0,True,1043.8,31.0,55.7,31,0.63
1104058020001,응봉동,188374,89,19,21.3,True,1063.4,27.0,58.4,27,0.73
1104058020102,응봉동,188424,68,0,0.0,True,1312.3,23.0,50.0,23,0.63
1104058020101,응봉동,188333,55,0,0.0,True,1307.4,28.0,50.9,28,0.75
1104058020201,응봉동,98503,84,14,16.7,True,991.8,15.0,53.6,15,0.59
1104058020202,응봉동,98564,93,35,37.6,True,1146.1,15.0,50.5,15,0.62
1104058020203,응봉동,98502,82,11,13.4,True,991.8,15.0,52.4,15,0.74
1104058020304,응봉동,188394,46,0,0.0,True,929.6,16.0,50.0,16,0.49
1104058020302,응봉동,188399,80,0,0.0,True,975.7,21.0,50.0,21,0.62
1104058020303,응봉동,188392,43,0,0.0,True,913.7,14.0,51.2,14,0.48
1104058020301,응봉동,188390,55,0,0.0,True,933.9,20.0,50.9,20,0.68
1104058030003,응봉동,53000,70,0,0.0,True,2050.7,50.0,55.7,50,0.53
1104058030002,응봉동,188471,60,0,0.0,True,7485.6,125.0,50.0,125,0.78
1104058030001,응봉동,63041,76,0,0.0,True,1008.2,34.0,51.3,34,0.62
1104058030105,응봉동,188377,56,0,0.0,True,964.4,25.0,50.0,25,0.51
1104058030104,응봉동,188421,73,1,1.4,True,1420.1,46.0,50.7,46,0.67
1104058030103,응봉동,188331,60,0,0.0,True,1125.7,18.0,51.7,18,0.54
1104058030102,응봉동,53285,68,1,1.5,True,4581.5,94.0,51.5,94,1.41
1104058030101,응봉동,188432,50,0,0.0,True,720.5,17.0,50.0,17,0.48
1104058030106,응봉동,188365,63,0,0.0,True,4587.0,95.0,50.8,95,1.34
1104059010001,금호1가동,62919,89,0,0.0,True,1257.4,24.0,50.6,24,0.47
1104059020004,금호1가동,60496,86,33,38.4,True,23.7,1.0,51.2,1,0.62
1104059020005,금호1가동,54852,62,0,0.0,True,2608.9,63.0,50.0,63,0.99
1104059020002,금호1가동,106559,63,4,6.3,True,2447.4,58.0,50.8,58,1.8
1104059020003,금호1가동,106556,64,4,6.2,True,2447.4,58.0,50.0,58,2.07
1104059020001,금호1가동,54844,90,41,45.6,True,23.7,1.0,50.0,1,0.47
1104059020301,금호1가동,62914,87,0,0.0,True,350.4,9.0,50.6,9,0.52
1104059030002,금호1가동,98501,101,44,43.6,True,1693.6,33.0,51.5,33,1.1
1104059030001,금호1가동,98555,107,36,33.6,True,323.8,8.0,50.5,8,0.83
1104059030103,금호1가동,98569,84,34,40.5,True,518.3,11.0,50.0,11,0.64
1104059030102,금호1가동,98566,100,35,35.0,True,1369.8,25.0,50.0,25,0.87
1104059030101,금호1가동,98605,96,29,30.2,True,2880.8,46.0,50.0,46,1.31
1104059030207,금호1가동,98544,78,34,43.6,True,202.6,3.0,53.8,3,0.48
1104059030205,금호1가동,98504,75,25,33.3,True,226.3,4.0,50.7,4,0.64
1104059030204,금호1가동,26630,91,45,49.5,True,39.5,1.0,50.5,1,0.48
1104059030203,금호1가동,26588,85,45,52.9,True,0.0,0.0,52.9,0,0.46
1104059030202,금호1가동,98512,93,33,35.5,True,971.7,19.0,50.5,19,0.8
1104059030201,금호1가동,52672,94,39,41.5,True,1201.9,26.0,50.0,26,1.2
1104059030213,금호1가동,155357,73,42,57.5,True,0.0,0.0,57.5,0,0.46
1104059030212,금호1가동,26589,77,44,57.1,True,0.0,0.0,57.1,0,0.63
1104059030209,금호1가동,98437,72,39,54.2,True,0.0,0.0,54.2,0,0.46
1104059030208,금호1가동,63124,100,45,45.0,True,227.4,8.0,50.0,8,0.68
1104059030211,금호1가동,98432,62,33,53.2,True,0.0,0.0,53.2,0,0.62
1104059030210,금호1가동,98548,77,33,42.9,True,202.6,3.0,53.2,3,0.47
1104062010001,금호4가동,163249,78,0,0.0,True,5720.1,161.0,50.0,161,2.94
1104062010003,금호4가동,22997,70,0,0.0,True,3168.8,97.0,50.0,97,1.11
1104062010002,금호4가동,168213,95,4,4.2,True,7051.3,236.0,50.5,236,7.11
1104062010004,금호4가동,167505,94,4,4.3,True,5656.3,183.0,50.0,183,4.76
1104062010101,금호4가동,166683,73,4,5.5,True,2961.8,84.0,50.7,84,1.11
1104062020002,금호4가동,131763,70,0,0.0,True,3962.6,80.0,50.0,80,1.15
1104062020001,금호4가동,19356,72,0,0.0,True,2465.2,55.0,50.0,55,1.07
1104062020201,금호4가동,131657,64,1,1.6,True,3554.7,74.0,50.0,74,1.07
1104062030003,금호4가동,106463,78,0,0.0,True,4420.7,130.0,50.0,130,1.56
1104062030002,금호4가동,169502,88,0,0.0,True,5502.7,179.0,50.0,179,3.6
1104062030001,금호4가동,155377,34,2,5.9,True,6699.3,51.0,50.0,51,0.57
1104062030109,금호4가동,106464,76,0,0.0,True,4410.7,130.0,51.3,130,1.58
1104062030107,금호4가동,106465,67,9,13.4,True,3820.9,109.0,50.7,109,1.02
1104062030106,금호4가동,54824,73,10,13.7,True,4225.3,121.0,50.7,121,1.75
1104062030105,금호4가동,166620,67,10,14.9,True,3851.8,110.0,50.7,110,1.08
1104062030104,금호4가동,174269,91,10,11.0,True,8617.7,200.0,50.5,200,4.47
1104062030103,금호4가동,169526,64,9,14.1,True,4735.2,126.0,50.0,126,1.45
1104062030102,금호4가동,169533,76,10,13.2,True,8429.3,192.0,51.3,192,3.19
1104062030101,금호4가동,169532,54,9,16.7,True,3543.2,104.0,50.0,104,0.94
1104062030205,금호4가동,106516,0,0,0.0,False,,,0.0,0,0.0
1104062030204,금호4가동,162487,38,0,0.0,True,5945.0,81.0,52.6,81,0.53
1104062030203,금호4가동,106514,46,0,0.0,True,5384.3,67.0,50.0,67,0.68
1104062030202,금호4가동,173790,59,10,16.9,True,9300.4,109.0,50.8,109,1.02
1104062030201,금호4가동,106511,39,0,0.0,True,7285.6,87.0,51.3,87,0.56
1104062030303,금호4가동,106552,62,0,0.0,True,6184.7,83.0,50.0,83,0.93
1104062030302,금호4가동,52395,70,0,0.0,True,7586.9,135.0,50.0,135,1.32
1104062030301,금호4가동,106468,76,0,0.0,True,5666.6,123.0,52.6,123,1.92
1104065010001,성수1가1동,34424,62,3,4.8,True,3319.1,80.0,50.0,80,2.72
1104065010002,성수1가1동,34429,59,3,5.1,True,2370.3,55.0,50.8,55,1.52
1104065010101,성수1가1동,34431,61,0,0.0,True,2807.6,64.0,52.5,64,2.05
1104065010201,성수1가1동,47637,58,3,5.2,True,3389.3,78.0,51.7,78,1.61
1104065020004,성수1가1동,152138,47,0,0.0,True,2777.1,63.0,51.1,63,0.74
1104065020002,성수1가1동,28227,53,0,0.0,True,2789.4,65.0,50.9,65,1.58
1104065020003,성수1가1동,55615,54,0,0.0,True,3627.1,95.0,50.0,95,2.49
1104065020001,성수1가1동,148039,40,2,5.0,True,2805.3,66.0,50.0,66,1.32
1104065020101,성수1가1동,17722,38,0,0.0,True,2702.6,56.0,50.0,56,0.89
1104065020201,성수1가1동,148041,35,2,5.7,True,2805.3,66.0,51.4,66,1.06
1104065020202,성수1가1동,148043,39,2,5.1,True,2805.3,66.0,51.3,66,1.15
1104065020302,성수1가1동,152137,47,0,0.0,True,2709.0,61.0,51.1,61,0.94
1104065020301,성수1가1동,152132,47,0,0.0,True,2552.3,58.0,51.1,58,0.92
1104065030006,성수1가1동,152148,39,0,0.0,True,9623.8,243.0,59.0,243,4.76
1104065030005,성수1가1동,35000,40,0,0.0,True,7954.5,220.0,50.0,220,4.02
1104065030004,성수1가1동,34516,46,3,6.5,True,6419.7,171.0,50.0,171,3.18
1104065030003,성수1가1동,34974,43,3,7.0,True,5606.7,164.0,51.2,164,3.03
1104065030002,성수1가1동,31119,0,0,0.0,False,,,0.0,0,0.0
1104065030001,성수1가1동,54967,25,3,12.0,True,5299.2,90.0,52.0,90,0.98
1104065030101,성수1가1동,54989,33,0,0.0,True,3434.1,79.0,51.5,79,1.14
1104065030201,성수1가1동,30721,25,0,0.0,True,4909.7,96.0,52.0,96,0.73
1104065040004,성수1가1동,28337,53,0,0.0,True,7455.0,184.0,50.9,184,3.48
1104065040005,성수1가1동,28333,43,1,2.3,True,4279.0,84.0,51.2,84,0.87
1104065040001,성수1가1동,55597,48,0,0.0,True,7810.2,194.0,52.1,194,3.5
1104065040002,성수1가1동,34963,49,2,4.1,True,5818.5,164.0,51.0,164,3.62
1104065040003,성수1가1동,34490,61,2,3.3,True,5517.2,153.0,50.8,153,4.11
1104065040101,성수1가1동,55816,38,1,2.6,True,5058.9,103.0,50.0,103,1.03
1104065040102,성수1가1동,28329,51,1,2.0,True,7688.8,175.0,51.0,175,2.79
1104065040103,성수1가1동,28334,41,1,2.4,True,5254.7,102.0,51.2,102,1.14
1104065040201,성수1가1동,28244,53,0,0.0,True,7912.6,166.0,56.6,166,2.92
1104065040202,성수1가1동,28248,47,1,2.1,True,4739.9,91.0,51.1,91,1.11
1104066010003,성수1가2동,11360,25,4,16.0,True,3798.9,76.0,52.0,76,1.38
1104066010002,성수1가2동,34284,30,4,13.3,True,1636.8,34.0,50.0,34,1.02
1104066010005,성수1가2동,31138,28,4,14.3,True,1208.6,20.0,50.0,20,0.76
1104066010004,성수1가2동,31157,30,6,20.0,True,946.2,20.0,50.0,20,1.07
1104066010007,성수1가2동,11380,32,0,0.0,True,6391.3,128.0,50.0,128,2.82
1104066010006,성수1가2동,34249,46,5,10.9,True,5770.2,114.0,50.0,114,4.06
1104066010009,성수1가2동,11311,26,4,15.4,True,8087.7,61.0,50.0,61,1.04
1104066010008,성수1가2동,31132,22,1,4.5,True,1391.1,17.0,50.0,17,0.59
1104066010010,성수1가2동,148036,30,4,13.3,True,4565.0,98.0,50.0,98,2.1
1104066010001,성수1가2동,11336,30,0,0.0,True,5534.5,90.0,50.0,90,1.51
1104066010104,성수1가2동,11458,27,4,14.8,True,4967.1,97.0,51.9,97,1.85
1104066010101,성수1가2동,11391,25,4,16.0,True,1902.3,40.0,52.0,40,1.28
1104066010103,성수1가2동,11361,27,4,14.8,True,4036.3,77.0,51.9,77,1.27
1104066010102,성수1가2동,147929,25,4,16.0,True,1902.3,40.0,52.0,40,1.1
1104066010201,성수1가2동,34232,36,6,16.7,True,2592.7,53.0,50.0,53,2.11
1104066010202,성수1가2동,31159,30,6,20.0,True,1448.2,32.0,50.0,32,1.19
1104066010401,성수1가2동,155818,20,4,20.0,True,1472.6,19.0,50.0,19,0.56
1104066010402,성수1가2동,155814,23,4,17.4,True,4307.0,56.0,52.2,56,1.04
1104066010501,성수1가2동,34244,40,5,12.5,True,6984.4,145.0,50.0,145,4.32
1104066010601,성수1가2동,11403,32,5,15.6,True,3433.1,85.0,50.0,85,2.08
1104066020006,성수1가2동,190893,25,0,0.0,True,18458.5,222.0,52.0,222,2.75
1104066020007,성수1가2동,55016,35,0,0.0,True,9146.1,209.0,51.4,209,5.32
1104066020004,성수1가2동,74552,26,0,0.0,True,17295.7,248.0,50.0,248,2.97
1104066020005,성수1가2동,191258,37,0,0.0,True,5745.0,139.0,54.1,139,2.89
1104066020002,성수1가2동,191268,31,0,0.0,True,5203.8,133.0,51.6,133,2.71
1104066020003,성수1가2동,191260,35,0,0.0,True,5951.1,141.0,51.4,141,2.56
1104066020001,성수1가2동,191244,25,0,0.0,True,6408.7,139.0,52.0,139,1.99
1104066020008,성수1가2동,11437,35,0,0.0,True,6296.0,157.0,51.4,157,3.74
1104066020101,성수1가2동,191223,26,0,0.0,True,3864.1,88.0,50.0,88,1.1
1104066030002,성수1가2동,11421,36,5,13.9,True,6326.0,146.0,52.8,146,2.85
1104066030001,성수1가2동,55004,56,5,8.9,True,3848.5,95.0,50.0,95,3.39
1104066030101,성수1가2동,34295,52,5,9.6,True,4006.4,96.0,50.0,96,2.87
1104067010001,성수2가1동,173626,58,4,6.9,True,3397.7,80.0,50.0,80,1.71
1104067010003,성수2가1동,50992,58,2,3.4,True,6729.4,135.0,50.0,135,2.46
1104067010002,성수2가1동,54341,58,0,0.0,True,4164.8,94.0,50.0,94,2.09
1104067010101,성수2가1동,55896,63,3,4.8,True,2596.0,59.0,50.8,59,1.85
1104067010102,성수2가1동,173632,54,4,7.4,True,2743.8,61.0,50.0,61,1.21
1104067020002,성수2가1동,51072,54,1,1.9,True,6121.5,155.0,50.0,155,4.45
1104067020003,성수2가1동,67734,55,0,0.0,True,7526.8,153.0,50.9,153,2.69
1104067020001,성수2가1동,67603,49,0,0.0,True,3761.7,56.0,51.0,56,1.34
1104067020006,성수2가1동,67655,58,1,1.7,True,9526.0,192.0,50.0,192,6.0
1104067020004,성수2가1동,51112,58,2,3.4,True,8592.0,179.0,50.0,179,5.61
1104067020005,성수2가1동,67622,47,0,0.0,True,7815.6,159.0,51.1,159,3.5
1104067020101,성수2가1동,67613,51,1,2.0,True,7676.3,166.0,51.0,166,2.89
1104067030009,성수2가1동,67682,53,0,0.0,True,12884.4,237.0,50.9,237,5.71
1104067030012,성수2가1동,51142,56,1,1.8,True,3788.8,121.0,50.0,121,2.58
1104067030011,성수2가1동,51370,54,0,0.0,True,9284.5,186.0,50.0,186,3.86
1104067030007,성수2가1동,51354,51,1,2.0,True,5231.8,159.0,51.0,159,3.22
1104067030006,성수2가1동,37101,24,0,0.0,True,7786.4,81.0,50.0,81,0.94
1104067030005,성수2가1동,23786,51,1,2.0,True,15754.6,268.0,51.0,268,5.86
1104067030004,성수2가1동,51400,37,3,8.1,True,8083.2,165.0,51.4,165,2.69
1104067030003,성수2가1동,37100,12,0,0.0,True,8016.4,74.0,50.0,74,0.55
1104067030002,성수2가1동,51318,42,0,0.0,True,8082.9,243.0,50.0,243,3.91
1104067030001,성수2가1동,55606,47,0,0.0,True,14698.0,259.0,51.1,259,8.41
1104067030008,성수2가1동,51334,43,0,0.0,True,6638.7,194.0,51.2,194,3.75
1104067030010,성수2가1동,23793,42,0,0.0,True,9249.5,167.0,50.0,167,2.91
1104067030201,성수2가1동,23780,44,0,0.0,True,11138.7,187.0,50.0,187,3.89
1104067030301,성수2가1동,55712,40,3,7.5,True,7298.0,212.0,50.0,212,3.56
1104067030401,성수2가1동,68574,33,0,0.0,True,6802.3,111.0,51.5,111,1.6
1104067030501,성수2가1동,68547,39,0,0.0,True,8433.6,144.0,51.3,144,2.68
1104067040006,성수2가1동,173653,45,3,6.7,True,6411.0,204.0,53.3,204,3.48
1104067040001,성수2가1동,34982,45,3,6.7,True,5639.3,183.0,51.1,183,3.4
1104067040002,성수2가1동,55626,57,0,0.0,True,5097.9,163.0,50.9,163,6.1
1104067040003,성수2가1동,35020,41,3,7.3,True,9654.1,279.0,51.2,279,5.11
1104067040004,성수2가1동,55697,49,1,2.0,True,4616.9,146.0,51.0,146,3.34
1104067040005,성수2가1동,51136,55,0,0.0,True,3219.1,121.0,50.9,121,2.52
1104067040101,성수2가1동,55699,43,3,7.0,True,8581.7,248.0,51.2,248,4.16
1104067040201,성수2가1동,35015,39,3,7.7,True,9329.4,272.0,51.3,272,4.51
1104068010004,성수2가3동,35071,23,1,4.3,True,4264.7,66.0,52.2,66,1.34
1104068010006,성수2가3동,50927,35,1,2.9,True,2242.4,41.0,60.0,41,1.02
1104068010001,성수2가3동,55490,28,1,3.6,True,4596.4,76.0,50.0,76,1.95
1104068010003,성수2가3동,35063,28,1,3.6,True,3697.8,60.0,50.0,60,1.64
1104068010002,성수2가3동,50919,36,1,2.8,True,1767.2,33.0,55.6,33,1.18
1104068010005,성수2가3동,35073,24,3,12.5,True,5085.4,78.0,50.0,78,1.32
1104068010101,성수2가3동,173562,25,3,12.0,True,3970.4,67.0,52.0,67,1.14
1104068010103,성수2가3동,50975,30,3,10.0,True,4293.1,69.0,50.0,69,1.37
1104068010102,성수2가3동,55501,21,3,14.3,True,3311.9,55.0,52.4,55,0.93
1104068010104,성수2가3동,50910,24,3,12.5,True,4346.6,73.0,50.0,73,1.24
1104068010201,성수2가3동,50933,42,1,2.4,True,2015.4,39.0,52.4,39,1.16
1104068010203,성수2가3동,50938,35,1,2.9,True,1935.5,37.0,57.1,37,1.08
1104068010301,성수2가3동,34280,35,5,14.3,True,3437.9,61.0,51.4,61,2.14
1104068020002,성수2가3동,53846,51,10,19.6,True,2088.8,39.0,51.0,39,2.86
1104068020001,성수2가3동,55532,40,11,27.5,True,3377.3,55.0,50.0,55,2.23
1104068020101,성수2가3동,55536,49,18,36.7,True,481.5,9.0,51.0,9,1.1
1104068020301,성수2가3동,52062,34,10,29.4,True,509.3,7.0,50.0,7,0.63
1104068030003,성수2가3동,50948,52,2,3.8,True,2799.6,70.0,50.0,70,2.42
1104068030002,성수2가3동,50950,60,2,3.3,True,3053.6,77.0,50.0,77,3.85
1104068030001,성수2가3동,34312,58,0,0.0,True,3098.5,80.0,50.0,80,3.61
1104068030101,성수2가3동,50952,61,2,3.3,True,2261.6,52.0,50.8,52,2.51
1104068040001,성수2가3동,53022,55,2,3.6,True,4202.8,67.0,50.9,67,2.48
1104069010009,송정동,54224,40,0,0.0,True,8891.9,111.0,50.0,111,3.71
1104069010008,송정동,51897,35,0,0.0,True,3670.3,96.0,62.9,96,1.31
1104069010006,송정동,51809,34,2,5.9,True,3675.6,99.0,50.0,99,1.0
1104069010001,송정동,51416,36,2,5.6,True,1250.4,31.0,50.0,31,0.82
1104069010003,송정동,51874,30,0,0.0,True,3597.2,92.0,50.0,92,0.78
1104069010002,송정동,51841,34,1,2.9,True,2284.8,57.0,50.0,57,1.68
1104069010005,송정동,56671,33,0,0.0,True,384.8,12.0,51.5,12,0.69
1104069010004,송정동,187896,31,0,0.0,True,2773.4,54.0,51.6,54,1.01
1104069010007,송정동,51935,42,1,2.4,True,1129.4,27.0,54.8,27,0.93
1104069010012,송정동,51774,33,0,0.0,True,2918.0,81.0,51.5,81,0.89
1104069010011,송정동,51921,39,0,0.0,True,1883.4,51.0,61.5,51,1.46
1104069010014,송정동,54615,31,2,6.5,True,2208.9,65.0,51.6,65,0.88
1104069010013,송정동,56291,27,2,7.4,True,1123.9,25.0,51.9,25,0.58
1104069010010,송정동,51417,32,2,6.2,True,2285.7,50.0,50.0,50,1.1
1104069010101,송정동,55528,28,1,3.6,True,686.5,19.0,50.0,19,0.72
1104069010102,송정동,128,26,2,7.7,True,1891.0,39.0,61.5,39,0.65
1104069010201,송정동,51793,31,2,6.5,True,820.4,25.0,51.6,25,0.59
1104069010202,송정동,51960,35,2,5.7,True,1304.8,36.0,51.4,36,0.92
1104069020001,송정동,53807,35,0,0.0,True,4057.0,85.0,51.4,85,1.33
1104069020004,송정동,54547,33,0,0.0,True,2438.4,59.0,63.6,59,1.1
1104069020005,송정동,35047,21,0,0.0,True,2165.8,30.0,52.4,30,0.8
1104069020002,송정동,76843,39,0,0.0,True,2918.1,62.0,56.4,62,1.12
1104069020003,송정동,54665,45,0,0.0,True,1124.3,23.0,51.1,23,0.93
1104070010004,용답동,21862,30,0,0.0,True,5845.5,83.0,50.0,83,0.96
1104070010001,용답동,54218,29,0,0.0,True,4337.3,47.0,51.7,47,0.85
1104070010003,용답동,187458,24,0,0.0,True,11612.4,134.0,50.0,134,1.1
1104070010002,용답동,51408,4,0,0.0,True,16590.3,142.0,50.0,142,0.54
1104070020025,용답동,187421,18,0,0.0,True,266.5,8.0,50.0,8,0.62
1104070020022,용답동,186891,27,2,7.4,True,119.7,6.0,51.9,6,0.61
1104070020023,용답동,186772,31,2,6.5,True,577.8,13.0,51.6,13,0.98
1104070020020,용답동,186809,25,0,0.0,True,2632.5,57.0,52.0,57,1.42
1104070020021,용답동,187406,20,0,0.0,True,220.2,5.0,50.0,5,0.5
1104070020008,용답동,187401,19,0,0.0,True,934.5,22.0,52.6,22,0.71
1104070020009,용답동,172168,25,2,8.0,True,230.6,6.0,52.0,6,0.58
1104070020016,용답동,186756,37,2,5.4,True,2142.3,43.0,54.1,43,1.18
1104070020017,용답동,187419,28,2,7.1,True,201.8,5.0,50.0,5,0.58
1104070020014,용답동,187341,21,2,9.5,True,79.9,4.0,52.4,4,0.67
1104070020015,용답동,186780,41,2,4.9,True,2039.7,39.0,53.7,39,1.2
1104070020012,용답동,186858,35,2,5.7,True,409.0,9.0,51.4,9,0.81
1104070020013,용답동,187373,22,0,0.0,True,280.7,7.0,50.0,7,0.65
1104070020010,용답동,55413,24,2,8.3,True,89.6,5.0,50.0,5,0.55
1104070020011,용답동,186886,27,2,7.4,True,201.8,5.0,51.9,5,0.76
1104070020024,용답동,186799,35,2,5.7,True,2125.3,48.0,51.4,48,1.6
1104070020019,용답동,186305,44,0,0.0,True,8532.1,115.0,50.0,115,1.14
1104070020018,용답동,186763,37,2,5.4,True,3304.0,71.0,51.4,71,3.19
1104070020001,용답동,55385,40,2,5.0,True,1956.4,44.0,50.0,44,1.61
1104070020006,용답동,186367,49,2,4.1,True,2288.8,52.0,51.0,52,1.72
1104070020007,용답동,155664,24,0,0.0,True,245.5,7.0,50.0,7,0.71
1104070020004,용답동,186897,29,2,6.9,True,211.5,6.0,51.7,6,0.65
1104070020005,용답동,186898,29,2,6.9,True,211.5,6.0,51.7,6,0.61
1104070020002,용답동,187359,20,0,0.0,True,227.6,5.0,50.0,5,0.7
1104070020003,용답동,55251,7,0,0.0,True,12047.4,85.0,57.1,85,0.5
1104070020301,용답동,187418,27,2,7.4,True,304.1,6.0,51.9,6,0.62
1104071010001,왕십리도선동,60571,52,0,0.0,True,12486.4,300.0,50.0,300,14.74
1104071010002,왕십리도선동,186387,51,0,0.0,True,10709.7,273.0,51.0,273,11.27
1104071010303,왕십리도선동,185936,53,5,9.4,True,13565.7,247.0,50.9,247,7.9
1104071010302,왕십리도선동,60722,41,5,12.2,True,9706.5,170.0,51.2,170,3.52
1104071010305,왕십리도선동,185947,39,5,12.8,True,9946.8,179.0,51.3,179,3.63
1104071010304,왕십리도선동,185949,40,5,12.5,True,9938.1,180.0,50.0,180,3.48
1104071010307,왕십리도선동,186015,48,5,10.4,True,15538.1,301.0,50.0,301,11.87
1104071010306,왕십리도선동,186023,48,0,0.0,True,13026.6,317.0,50.0,317,15.86
1104071010301,왕십리도선동,185953,35,5,14.3,True,7400.0,136.0,51.4,136,2.33
1104071020001,왕십리도선동,8,65,0,0.0,True,18096.5,335.0,50.8,335,19.04
1104071020002,왕십리도선동,26309,49,0,0.0,True,6651.5,144.0,51.0,144,1.69
1104071020003,왕십리도선동,52099,56,0,0.0,True,10759.6,225.0,50.0,225,6.06
1104071020103,왕십리도선동,19352,46,0,0.0,True,6449.2,112.0,50.0,112,1.5
1104071020101,왕십리도선동,19344,56,0,0.0,True,11008.9,221.0,50.0,221,7.88
1104071020104,왕십리도선동,19336,50,0,0.0,True,8158.0,160.0,50.0,160,3.74
1104071020105,왕십리도선동,55744,61,1,1.6,True,13585.3,250.0,50.8,250,13.6
1104071020102,왕십리도선동,25954,57,0,0.0,True,11328.9,226.0,50.9,226,8.59
1104071020204,왕십리도선동,25898,50,0,0.0,True,12331.5,225.0,50.0,225,5.71
1104071020205,왕십리도선동,25904,48,0,0.0,True,10523.2,193.0,52.1,193,3.21
1104071020202,왕십리도선동,26288,51,0,0.0,True,6656.8,143.0,51.0,143,2.41
1104071020203,왕십리도선동,52429,50,5,10.0,True,10408.7,189.0,52.0,189,5.87
1104071020201,왕십리도선동,25942,49,0,0.0,True,8628.7,179.0,51.0,179,2.8
1104071020208,왕십리도선동,25939,53,0,0.0,True,9917.2,183.0,50.9,183,2.03
1104071020206,왕십리도선동,25901,48,0,0.0,True,9232.5,163.0,50.0,163,2.36
1104071020207,왕십리도선동,25948,41,0,0.0,True,9115.8,162.0,51.2,162,3.22
1104071030001,왕십리도선동,26274,49,0,0.0,True,4321.9,87.0,51.0,87,1.32
1104071040002,왕십리도선동,60845,59,0,0.0,True,11360.7,337.0,50.8,337,16.17
1104071040003,왕십리도선동,186579,67,4,6.0,True,9944.6,273.0,50.7,273,12.27
1104071040008,왕십리도선동,60810,59,2,3.4,True,11147.7,286.0,50.8,286,15.75
1104071040009,왕십리도선동,186505,67,4,6.0,True,12466.7,382.0,50.7,382,26.69
1104071040010,왕십리도선동,186574,61,0,0.0,True,11890.1,351.0,50.8,351,18.01
1104071040011,왕십리도선동,64082,67,4,6.0,True,13060.6,397.0,50.7,397,23.44
1104071040004,왕십리도선동,186915,67,4,6.0,True,12469.4,367.0,52.2,367,18.65
1104071040005,왕십리도선동,186597,65,4,6.2,True,14226.0,375.0,50.8,375,21.87
1104071040006,왕십리도선동,186446,68,0,0.0,True,14326.3,413.0,51.5,413,26.41
1104071040007,왕십리도선동,186425,72,2,2.8,True,12639.7,350.0,50.0,350,22.83
1104071040001,왕십리도선동,187038,66,4,6.1,True,11510.7,323.0,50.0,323,20.37
1104071040301,왕십리도선동,186568,62,0,0.0,True,11036.8,326.0,50.0,326,17.02
1104071040302,왕십리도선동,64047,67,4,6.0,True,13506.1,404.0,50.7,404,22.36
1104072010013,금호2·3가동,64786,91,0,0.0,True,6548.9,190.0,50.5,190,5.01
1104072010012,금호2·3가동,54773,82,8,9.8,True,7555.7,233.0,50.0,233,6.78
1104072010015,금호2·3가동,162455,95,10,10.5,True,7621.6,250.0,50.5,250,7.96
1104072010014,금호2·3가동,64904,89,0,0.0,True,4096.0,115.0,50.6,115,3.31
1104072010017,금호2·3가동,64867,86,10,11.6,True,5971.5,186.0,50.0,186,5.34
1104072010016,금호2·3가동,54872,96,10,10.4,True,6546.4,180.0,51.0,180,4.87
1104072010009,금호2·3가동,106346,84,0,0.0,True,2448.3,77.0,53.6,77,1.7
1104072010008,금호2·3가동,124463,94,10,10.6,True,4613.3,127.0,53.2,127,3.19
1104072010001,금호2·3가동,162395,84,17,20.2,True,2145.5,73.0,50.0,73,1.95
1104072010002,금호2·3가동,54603,100,28,28.0,True,2182.9,62.0,50.0,62,2.48
1104072010003,금호2·3가동,98626,94,0,0.0,True,7740.2,253.0,50.0,253,9.3
1104072010004,금호2·3가동,124834,89,0,0.0,True,7490.2,227.0,50.6,227,7.06
1104072010005,금호2·3가동,64814,90,0,0.0,True,4598.1,130.0,50.0,130,4.29
1104072010006,금호2·3가동,162458,91,8,8.8,True,8360.0,284.0,50.5,284,11.07
1104072010007,금호2·3가동,64875,107,0,0.0,True,4915.6,147.0,50.5,147,4.52
1104072010011,금호2·3가동,64887,96,20,20.8,True,5057.1,165.0,55.2,165,5.97
1104072010010,금호2·3가동,162406,86,0,0.0,True,2027.0,69.0,50.0,69,2.08
1104072010101,금호2·3가동,64807,99,0,0.0,True,2381.7,60.0,50.5,60,1.78
1104072010103,금호2·3가동,64903,89,0,0.0,True,4096.0,115.0,50.6,115,3.5
1104072010102,금호2·3가동,64804,97,0,0.0,True,2813.8,72.0,50.5,72,2.3
1104072010104,금호2·3가동,64917,95,0,0.0,True,1177.9,30.0,52.6,30,0.82
1104072010202,금호2·3가동,64808,105,0,0.0,True,3656.5,101.0,50.5,101,3.42
1104072010201,금호2·3가동,64781,88,0,0.0,True,3987.3,112.0,50.0,112,3.0
1104072010301,금호2·3가동,77548,99,0,0.0,True,976.4,21.0,51.5,21,0.74
1104072010302,금호2·3가동,63187,96,10,10.4,True,5272.9,145.0,50.0,145,3.63
1104072010401,금호2·3가동,169496,86,8,9.3,True,7913.8,262.0,50.0,262,8.84
1104072010402,금호2·3가동,64905,80,10,12.5,True,5401.9,164.0,50.0,164,5.46
1104072010501,금호2·3가동,64870,92,9,9.8,True,5895.6,184.0,50.0,184,5.76
1104072010502,금호2·3가동,64816,93,0,0.0,True,4451.8,129.0,50.5,129,3.96
1104072020005,금호2·3가동,124843,84,0,0.0,True,8575.3,237.0,56.0,237,9.56
1104072020002,금호2·3가동,124881,25,7,28.0,True,982.3,38.0,52.0,38,0.91
1104072020003,금호2·3가동,124440,77,0,0.0,True,7658.0,209.0,59.7,209,6.21
1104072020001,금호2·3가동,22854,78,0,0.0,True,3778.9,133.0,52.6,133,1.35
1104072020103,금호2·3가동,124898,33,7,21.2,True,1394.9,53.0,54.5,53,0.5
1104072020101,금호2·3가동,131714,66,0,0.0,True,2115.5,61.0,51.5,61,0.96
1104072020106,금호2·3가동,124900,41,7,17.1,True,1425.5,56.0,51.2,56,0.51
1104072020107,금호2·3가동,124885,29,7,24.1,True,1030.9,40.0,51.7,40,0.49
1104072020104,금호2·3가동,124891,20,0,0.0,True,421.7,16.0,50.0,16,0.6
1104072020105,금호2·3가동,124896,39,7,17.9,True,1419.2,55.0,53.8,55,0.51
1104072020102,금호2·3가동,169493,45,0,0.0,True,1950.3,63.0,53.3,63,0.73
1104072020201,금호2·3가동,51930,41,0,0.0,True,4381.0,112.0,51.2,112,1.84
1104072020402,금호2·3가동,124418,74,8,10.8,True,5649.0,146.0,56.8,146,3.72
1104072020403,금호2·3가동,124469,61,0,0.0,True,5281.0,143.0,50.8,143,6.88
1104072020401,금호2·3가동,124428,68,0,0.0,True,3008.8,79.0,50.0,79,2.9
1104072020404,금호2·3가동,124471,62,9,14.5,True,4767.4,123.0,50.0,123,5.76
1104073020002,옥수동,139182,35,0,0.0,True,1316.7,36.0,57.1,36,0.75
1104073020003,옥수동,137834,77,0,0.0,True,3445.8,72.0,50.6,72,1.02
1104073020102,옥수동,155710,41,3,7.3,True,696.9,22.0,51.2,22,0.52
1104073020103,옥수동,155705,36,3,8.3,True,729.9,25.0,50.0,25,0.7
1104073020101,옥수동,139199,37,3,8.1,True,737.3,26.0,51.4,26,0.51
1104073020202,옥수동,137831,47,4,8.5,True,559.9,20.0,51.1,20,0.5
1104073020203,옥수동,137896,42,4,9.5,True,1377.5,27.0,50.0,27,0.5
1104073020201,옥수동,155714,40,4,10.0,True,477.8,16.0,50.0,16,0.64
1104073020606,옥수동,21178,57,0,0.0,True,3984.5,71.0,50.9,71,0.6
1104073020607,옥수동,21174,66,0,0.0,True,4001.0,75.0,50.0,75,0.82
1104073020604,옥수동,131761,58,0,0.0,True,3613.3,60.0,50.0,60,0.71
1104073020605,옥수동,21172,62,0,0.0,True,3990.7,73.0,50.0,73,0.79
1104073020602,옥수동,21181,67,0,0.0,True,4303.3,72.0,50.7,72,0.96
1104073020603,옥수동,21184,72,0,0.0,True,4059.2,73.0,51.4,73,0.81
1104073020601,옥수동,137547,63,0,0.0,True,3705.6,63.0,50.8,63,0.61
1104073020608,옥수동,137888,54,0,0.0,True,3569.6,61.0,53.7,61,0.56
1104073020609,옥수동,137546,85,0,0.0,True,4601.4,95.0,51.8,95,1.54
1104073030003,옥수동,155715,39,0,0.0,True,1244.1,32.0,53.8,32,0.55
1104073030002,옥수동,158295,54,2,3.7,True,5334.9,79.0,50.0,79,0.99
1104073030001,옥수동,137858,69,2,2.9,True,4802.0,93.0,50.7,93,1.05
1104073030203,옥수동,139185,40,9,22.5,True,1561.5,36.0,50.0,36,0.61
1104073030202,옥수동,158330,28,6,21.4,True,898.6,18.0,50.0,18,0.72
1104073030201,옥수동,158813,15,0,0.0,True,191.6,3.0,53.3,3,0.49
1104073030306,옥수동,155733,49,0,0.0,True,1729.1,39.0,59.2,39,0.6
1104073030305,옥수동,158286,45,0,0.0,True,1368.5,30.0,51.1,30,0.57
1104073030304,옥수동,137892,64,0,0.0,True,1948.0,48.0,50.0,48,0.79
1104073030303,옥수동,158289,45,0,0.0,True,1368.5,30.0,51.1,30,0.59
1104073030302,옥수동,137895,42,0,0.0,True,1132.2,29.0,50.0,29,0.55
1104073030301,옥수동,158339,45,0,0.0,True,1214.4,28.0,53.3,28,0.73
1104073030307,옥수동,137861,67,0,0.0,True,2127.5,52.0,53.7,52,0.75
1104073030604,옥수동,158333,42,2,4.8,True,649.9,16.0,50.0,16,0.73
1104073030603,옥수동,174649,45,2,4.4,True,4601.0,59.0,51.1,59,0.65
1104073030602,옥수동,158343,36,0,0.0,True,2693.1,46.0,50.0,46,0.6
1104073030601,옥수동,158855,27,0,0.0,True,3375.9,51.0,51.9,51,0.63
1104073040001,옥수동,106548,0,0,0.0,False,,,0.0,0,0.0
1104073040201,옥수동,84547,47,0,0.0,True,8988.3,116.0,51.1,116,1.1
1104073040202,옥수동,174637,35,0,0.0,True,7527.2,79.0,51.4,79,0.71
1104073040301,옥수동,173789,41,1,2.4,True,5962.2,74.0,51.2,74,0.95
1104073040302,옥수동,173775,60,1,1.7,True,8391.0,131.0,51.7,131,1.29
1104073040303,옥수동,173783,31,1,3.2,True,3024.9,34.0,51.6,34,0.57
1104073040501,옥수동,173792,67,1,1.5,True,7470.1,104.0,50.7,104,1.27
1104073040502,옥수동,174642,43,0,0.0,True,8311.7,99.0,51.2,99,0.81
1104059030206,금호1가동,63118,82,45,54.9,True,0.0,0.0,54.9,0,0.51
1104072020405,금호2·3가동,54861,66,0,0.0,True,4255.7,115.0,56.1,115,6.73
1104073020204,옥수동,137563,48,0,0.0,True,3338.3,61.0,54.2,61,0.75
